local_date,t_max_24,t_min_24,td_mean_24,ws_mean_24,c_mean_24,rh_mean_day,p_max_24,p_min_24
2021-01-01,22.0,17.0,8.68,10.808,12.4,44.771427,1022.0,1018.0
2021-01-02,30.0,15.0,10.0,6.2919993,0.0,37.464287,1019.0,1013.0
2021-01-03,29.0,19.0,14.730769,6.3461537,0.0,52.51333,1013.0,1009.0
2021-01-04,30.0,18.0,17.28,5.8,11.0,61.835712,1010.0,1007.0
2021-01-05,24.0,19.0,16.28,9.26,39.6,62.9,1014.0,1008.0
2021-01-06,24.0,18.0,14.708333,8.204166,15.208333,58.638454,1015.0,1013.0
2021-01-07,27.0,17.0,14.92,6.5080004,5.0,60.07857,1014.0,1011.0
2021-01-08,26.0,19.0,14.458333,8.724999,1.0416666,54.761536,1013.0,1009.0
2021-01-09,25.0,16.0,14.769231,4.461538,25.76923,62.364285,1014.0,1007.0
2021-01-10,23.0,17.0,12.375,9.795833,38.541668,52.715385,1016.0,1012.0
2021-01-11,29.0,16.0,13.708333,6.8416667,1.0416666,48.8923,1012.0,1008.0
2021-01-12,31.0,18.0,16.192308,5.7692304,1.9230769,56.513325,1012.0,1010.0
2021-01-13,32.0,21.0,17.44,5.6,3.0,52.45,1012.0,1007.0
2021-01-14,32.0,16.0,16.222221,4.244444,11.111111,56.10667,1007.0,1004.0
2021-01-15,24.0,18.0,16.74074,6.5592594,68.51852,77.59286,1010.0,1006.0
2021-01-16,25.0,17.0,15.32,5.036,53.2,68.99287,1013.0,1009.0
2021-01-17,26.0,16.0,14.5,5.7916665,1.0416666,56.76154,1013.0,1010.0
2021-01-18,29.0,18.0,14.64,5.112,0.0,53.90714,1010.0,1007.0
2021-01-19,25.0,18.0,14.818182,7.6454544,20.0,59.36923,1017.0,1009.0
2021-01-20,26.0,18.0,12.75,6.9375,6.25,49.94615,1017.0,1012.0
2021-01-21,26.0,16.0,15.038462,6.9692307,11.153846,67.10667,1015.0,1011.0
2021-01-22,27.0,16.0,16.958334,4.9874997,16.25,68.06923,1012.0,1010.0
2021-01-23,26.0,17.0,16.633333,4.293333,69.833336,66.95714,1015.0,1008.0
2021-01-24,23.0,17.0,10.72,9.88,15.8,49.857143,1018.0,1013.0
2021-01-25,30.0,16.0,12.36,4.8399997,0.0,45.414288,1014.0,1009.0
2021-01-26,24.0,17.0,15.5,9.765385,16.346153,63.806664,1014.0,1011.0
2021-01-27,24.0,18.0,13.416667,9.175,25.625,55.738464,1018.0,1013.0
2021-01-28,24.0,16.0,11.72,6.76,0.0,51.15714,1018.0,1016.0
2021-01-29,25.0,13.0,12.653846,4.1115384,18.076923,55.59333,1018.0,1014.0
2021-01-30,26.0,17.0,14.916667,3.425,46.25,55.007694,1016.0,1012.0
2021-01-31,23.0,18.0,16.925926,5.388889,79.62963,79.70715,1013.0,1009.0
2021-02-01,26.0,16.0,10.916667,8.545834,7.2916665,45.476925,1016.0,1014.0
2021-02-02,32.0,15.0,11.807693,3.6615381,0.0,41.666664,1015.0,1012.0
2021-02-03,24.0,18.0,15.541667,8.525,6.25,63.453842,1014.0,1011.0
2021-02-04,25.0,19.0,15.923077,8.438461,16.346153,66.886665,1016.0,1013.0
2021-02-05,26.0,18.0,16.375,6.870833,8.333333,67.46154,1016.0,1014.0
2021-02-06,26.0,19.0,17.16,7.3919997,21.0,69.685715,1016.0,1013.0
2021-02-07,24.0,19.0,13.958333,8.666667,24.583334,55.12308,1016.0,1014.0
2021-02-08,25.0,18.0,15.125,8.1875,19.166666,62.05384,1016.0,1013.0
2021-02-09,25.0,19.0,17.0,9.983333,11.458333,66.176926,1014.0,1013.0
2021-02-10,25.0,19.0,16.88,8.108001,0.0,70.06428,1013.0,1010.0
2021-02-11,26.0,19.0,17.625,7.1708336,18.75,68.62308,1011.0,1009.0
2021-02-12,26.0,20.0,18.538462,7.56923,44.23077,73.435715,1009.0,1007.0
2021-02-13,26.0,16.0,17.041666,4.7166667,7.2916665,67.907684,1011.0,1007.0
2021-02-14,24.0,19.0,15.961538,4.830769,59.423077,69.86429,1015.0,1010.0
2021-02-15,23.0,17.0,8.269231,6.5384617,34.423077,41.92667,1020.0,1015.0
2021-02-16,27.0,16.0,10.333333,6.2083335,1.0416666,41.861534,1020.0,1011.0
2021-02-17,28.0,14.0,12.814815,4.6814814,14.814815,55.64375,1013.0,1008.0
2021-02-18,24.0,15.0,11.32,4.356,47.6,58.88571,1016.0,1012.0
2021-02-19,24.0,16.0,12.44,7.74,22.0,56.035713,1016.0,1012.0
2021-02-20,23.0,16.0,10.541667,4.308333,54.791668,48.176926,1015.0,1013.0
2021-02-21,22.0,15.0,10.961538,5.311538,38.46154,56.920002,1018.0,1014.0
2021-02-22,24.0,13.0,9.846154,5.415385,0.0,50.72857,1018.0,1015.0
2021-02-23,24.0,16.0,13.291667,4.858333,14.583333,57.207687,1018.0,1015.0
2021-02-24,24.0,19.0,14.583333,8.516666,21.875,60.4,1017.0,1014.0
2021-02-25,25.0,18.0,12.826087,9.826087,6.521739,54.875004,1016.0,1014.0
2021-02-26,27.0,19.0,13.269231,9.469232,10.576923,51.16428,1016.0,1012.0
2021-02-27,31.0,18.0,13.541667,6.5875,0.0,46.39231,1013.0,1011.0
2021-02-28,33.0,17.0,15.115385,4.4461536,0.0,49.126667,1011.0,1007.0
2021-03-01,32.0,17.0,13.206897,4.562069,23.448277,48.647057,1011.0,1008.0
2021-03-02,25.0,17.0,15.36,5.408,40.6,63.68461,1014.0,1011.0
2021-03-03,26.0,16.0,15.909091,3.5272725,60.0,68.112495,1015.0,1012.0
2021-03-04,23.0,18.0,14.111111,6.581481,56.296295,63.999992,1015.0,1012.0
2021-03-05,26.0,15.0,12.36,5.2240005,0.0,51.721436,1014.0,1011.0
2021-03-06,26.0,15.0,13.961538,3.8730772,24.807692,62.426674,1017.0,1010.0
2021-03-07,21.0,16.0,14.192307,4.6884613,56.73077,77.6,1017.0,1015.0
2021-03-08,21.0,14.0,9.125,4.733333,11.041667,48.376926,1015.0,1011.0
2021-03-09,22.0,14.0,11.307693,9.096154,60.0,60.77857,1011.0,1006.0
2021-03-10,20.0,17.0,17.666666,8.527273,94.69697,91.54739,1011.0,1005.0
2021-03-11,26.0,15.0,13.782609,2.9260867,26.086956,60.593334,1014.0,1011.0
2021-03-12,26.0,15.0,12.32,3.3679998,0.0,53.72857,1012.0,1007.0
2021-03-13,25.0,15.0,15.4,5.98,33.4,67.42142,1015.0,1008.0
2021-03-14,22.0,18.0,15.125,6.108333,68.333336,69.684616,1016.0,1010.0
2021-03-15,20.0,16.0,15.172414,7.534483,77.06896,84.846664,1016.0,1011.0
2021-03-16,23.0,16.0,13.181818,8.118181,20.454546,60.730774,1015.0,1012.0
2021-03-17,27.0,17.0,14.48,4.916,0.0,60.064293,1012.0,1011.0
2021-03-18,22.0,14.0,14.4,4.424,19.0,73.07143,1016.0,1011.0
2021-03-19,22.0,15.0,12.458333,6.758333,42.5,58.62308,1018.0,1015.0
2021-03-20,21.0,18.0,12.541667,9.333333,35.833332,60.207695,1018.0,1015.0
2021-03-21,26.0,17.0,11.041667,7.9708333,1.0416666,50.007694,1018.0,1014.0
2021-03-22,28.0,11.0,11.36,5.448,0.0,50.942852,1014.0,1012.0
2021-03-23,31.0,18.0,13.72,4.896,0.0,50.05,1014.0,1011.0
2021-03-24,29.0,17.0,15.111111,3.8777776,0.0,59.5625,1015.0,1012.0
2021-03-25,31.0,15.0,14.366667,3.2866666,10.0,53.3,1012.0,1008.0
2021-03-26,23.0,16.0,14.916667,6.975,57.142857,65.861534,1015.0,1008.0
2021-03-27,20.0,14.0,12.24,5.132,33.8,65.814285,1020.0,1016.0
2021-03-28,26.0,11.0,10.555555,2.4962962,0.0,53.725002,1018.0,1013.0
2021-03-29,31.0,14.0,11.769231,2.0384614,0.0,47.68666,1013.0,1011.0
2021-03-30,23.0,16.0,14.041667,4.8124995,28.958334,67.18462,1016.0,1013.0
2021-03-31,18.0,15.0,14.333333,2.9166667,41.666668,,1015.0,1014.0
2021-04-01,21.0,15.0,11.227273,7.0136366,14.545455,58.12308,1020.0,1017.0
2021-04-02,22.0,16.0,11.791667,3.6499996,2.0833333,61.978573,1020.0,1017.0
2021-04-03,26.0,12.0,10.52,2.9599998,0.0,51.17857,1020.0,1017.0
2021-04-04,23.0,16.0,16.8,3.9366667,59.166668,83.01765,1019.0,1016.0
2021-04-05,21.0,17.0,14.416667,7.554167,17.708334,74.661545,1020.0,1018.0
2021-04-06,25.0,14.0,12.04,3.508,0.0,57.607143,1019.0,1016.0
2021-04-07,23.0,15.0,14.125,5.5625,0.0,71.85385,1020.0,1016.0
2021-04-08,22.0,15.0,14.12,6.164,1.0,73.02143,1021.0,1018.0
2021-04-09,23.0,17.0,14.72,6.7559996,7.0,67.223076,1020.0,1016.0
2021-04-10,27.0,15.0,15.04,3.712,10.0,73.10714,1016.0,1014.0
2021-04-11,22.0,16.0,15.416667,6.2125,6.25,75.215385,1019.0,1015.0
2021-04-12,25.0,12.0,13.833333,3.520833,12.5,69.95999,1020.0,1018.0
2021-04-13,30.0,11.0,13.8,2.8766665,10.0,71.02354,1020.0,1017.0
2021-04-14,24.0,15.0,14.892858,5.403571,20.178572,71.60667,1020.0,1018.0
2021-04-15,24.0,16.0,14.44,6.9719996,4.0,67.02142,1019.0,1016.0
2021-04-16,28.0,12.0,11.4,2.704,0.0,52.853848,1019.0,1017.0
2021-04-17,29.0,11.0,10.961538,1.9115384,0.0,58.799995,1018.0,1016.0
2021-04-18,36.0,12.0,7.2222223,4.296296,0.0,27.786665,1019.0,1013.0
2021-04-19,24.0,16.0,13.375,7.204167,12.5,60.746147,1022.0,1019.0
2021-04-20,25.0,13.0,11.925926,3.8259258,0.0,59.36,1019.0,1015.0
2021-04-21,24.0,12.0,13.6,3.0759997,0.0,72.37857,1016.0,1014.0
2021-04-22,22.0,12.0,12.633333,3.1266665,24.0,78.03333,1016.0,1014.0
2021-04-23,21.0,13.0,12.458333,4.491667,29.791666,68.46924,1017.0,1015.0
2021-04-24,22.0,14.0,12.166667,4.2666664,0.0,67.23077,1016.0,1012.0
2021-04-25,25.0,13.0,12.807693,4.3346148,2.8846154,65.0,1013.0,1009.0
2021-04-26,21.0,15.0,13.72,5.58,61.8,72.96429,1013.0,1010.0
2021-04-27,22.0,15.0,14.125,3.7375,50.833332,76.3923,1016.0,1009.0
2021-04-28,19.0,11.0,10.958333,5.125,25.0,69.94616,1018.0,1014.0
2021-04-29,19.0,10.0,9.76,5.76,36.4,67.75715,1023.0,1018.0
2021-04-30,14.0,11.0,10.285714,3.6,17.857143,,1024.0,1023.0
2021-05-01,21.0,12.0,9.818182,4.009091,0.0,60.799995,1024.0,1022.0
2021-05-02,28.0,7.0,8.111111,2.6148148,0.0,52.293755,1021.0,1017.0
2021-05-03,33.0,11.0,6.111111,3.0629628,10.740741,33.939995,1017.0,1013.0
2021-05-04,21.0,13.0,12.08,3.72,20.0,67.276924,1015.0,1012.0
2021-05-05,20.0,13.0,12.791667,4.9791665,66.666664,77.676926,1019.0,1013.0
2021-05-06,17.0,14.0,13.208333,9.366667,65.0,85.94616,1020.0,1018.0
2021-05-07,18.0,15.0,13.958333,5.3958335,78.125,86.830765,1023.0,1019.0
2021-05-08,20.0,11.0,12.5,2.3178573,38.214287,77.380005,1026.0,1024.0
2021-05-09,20.0,10.0,11.653846,1.7730769,30.76923,75.13077,1026.0,1024.0
2021-05-10,21.0,11.0,13.535714,2.0607142,39.285713,84.405876,1025.0,1021.0
2021-05-11,20.0,12.0,12.4827585,2.6172411,4.8076925,81.837494,1022.0,1019.0
2021-05-12,21.0,9.0,11.72,2.452,11.0,73.03572,1022.0,1017.0
2021-05-13,21.0,9.0,10.5172415,2.375862,22.413794,73.89375,1018.0,1014.0
2021-05-14,20.0,10.0,11.291667,4.6041665,18.75,67.784615,1013.0,1009.0
2021-05-15,18.0,14.0,14.966666,7.3733335,78.333336,92.88333,1014.0,1008.0
2021-05-16,17.0,8.0,8.961538,2.5384614,29.807692,69.25715,1021.0,1015.0
2021-05-17,18.0,9.0,8.0,2.3555555,19.62963,67.66,1023.0,1020.0
2021-05-18,21.0,6.0,6.1538463,3.030769,0.0,55.273327,1020.0,1013.0
2021-05-19,19.0,9.0,10.4,6.068,39.8,73.442856,1014.0,1009.0
2021-05-20,16.0,12.0,12.0,6.5419354,78.22581,85.862495,1015.0,1007.0
2021-05-21,15.0,10.0,7.92,3.7,66.6,60.892307,1028.0,1015.0
2021-05-22,17.0,6.0,5.52,1.9319999,2.0,61.557148,1029.0,1024.0
2021-05-23,27.0,6.0,5.6153846,2.1653848,0.0,45.9,1023.0,1014.0
2021-05-24,20.0,15.0,8.96,4.376,15.2,64.253845,1018.0,1013.0
2021-05-25,18.0,12.0,13.59375,3.2656248,66.71875,91.03158,1022.0,1017.0
2021-05-26,18.0,11.0,11.0,3.595833,35.625,74.46923,1022.0,1017.0
2021-05-27,18.0,11.0,11.793103,5.0,49.13793,84.01177,1017.0,1015.0
2021-05-28,18.0,14.0,14.333333,5.881481,82.96296,89.259995,1020.0,1016.0
2021-05-29,19.0,12.0,12.88,3.4839997,56.4,80.60714,1023.0,1019.0
2021-05-30,18.0,9.0,10.366667,2.27,13.333333,79.458824,1025.0,1019.0
2021-05-31,17.0,10.0,11.730769,2.4499998,63.46154,85.1077,1024.0,1018.0
2021-06-01,18.0,9.0,11.035714,2.4464285,30.714285,83.47999,1028.0,1025.0
2021-06-02,20.0,11.0,11.782609,5.7173915,10.434783,75.08572,1030.0,1027.0
2021-06-03,20.0,10.0,9.208333,3.5999997,0.0,61.43077,1032.0,1030.0
2021-06-04,20.0,6.0,8.6,2.5033333,0.0,77.09999,1030.0,1027.0
2021-06-05,23.0,6.0,6.678571,1.4607143,0.0,61.558823,1027.0,1022.0
2021-06-06,27.0,8.0,1.8076923,5.726923,0.0,24.379997,1021.0,1015.0
2021-06-07,28.0,18.0,4.68,5.7759995,0.0,28.614286,1014.0,1009.0
2021-06-08,22.0,14.0,10.92,4.0559998,10.4,61.642857,1022.0,1014.0
2021-06-09,21.0,11.0,12.066667,1.6533333,7.857143,83.943756,1023.0,1020.0
2021-06-10,16.0,8.0,12.029411,2.6794116,45.588234,95.63999,1020.0,1017.0
2021-06-11,25.0,9.0,10.533334,2.4433331,23.333334,68.26875,1016.0,1011.0
2021-06-12,21.0,10.0,11.642858,2.8999999,18.571428,78.76667,1017.0,1014.0
2021-06-13,18.0,11.0,10.888889,4.022222,40.0,78.01333,1022.0,1017.0
2021-06-14,19.0,7.0,9.967742,1.9354838,13.392858,87.35556,1021.0,1016.0
2021-06-15,18.0,9.0,10.962963,3.1592593,39.444443,79.15714,1016.0,1012.0
2021-06-16,18.0,12.0,12.625,4.183333,59.791668,84.27334,1019.0,1013.0
2021-06-17,17.0,12.0,13.2,3.6499999,71.666664,91.983345,1028.0,1019.0
2021-06-18,19.0,8.0,10.357142,2.95,25.0,78.83572,1029.0,1025.0
2021-06-19,27.0,7.0,6.148148,2.162963,0.0,48.406246,1025.0,1019.0
2021-06-20,27.0,15.0,5.72,4.364,0.0,35.657143,1019.0,1017.0
2021-06-21,24.0,15.0,8.64,5.876,10.6,52.52308,1017.0,1011.0
2021-06-22,18.0,14.0,13.857142,9.460714,70.71429,85.50001,1016.0,1012.0
2021-06-23,16.0,11.0,11.64,3.3079998,64.2,85.635704,1022.0,1016.0
2021-06-24,17.0,7.0,7.296296,1.4851851,0.9259259,72.846664,1023.0,1017.0
2021-06-25,16.0,7.0,9.678572,7.6071424,49.107143,82.70626,1016.0,1009.0
2021-06-26,16.0,14.0,8.833333,5.0916667,67.5,66.15385,1018.0,1014.0
2021-06-27,17.0,11.0,7.875,6.2791657,38.541668,63.807686,1015.0,1007.0
2021-06-28,15.0,10.0,10.310345,5.2448277,82.75862,91.452934,1015.0,1005.0
2021-06-29,15.0,10.0,9.678572,3.5964284,83.92857,91.975,1015.0,999.0
2021-06-30,16.0,12.0,10.666667,9.118519,77.40741,79.25333,1014.0,1007.0
2021-07-01,17.0,13.0,12.136364,5.4227266,65.0,82.861534,1022.0,1015.0
2021-07-02,16.0,13.0,10.375,8.504167,67.5,70.40769,1022.0,1015.0
2021-07-03,17.0,13.0,11.71875,8.44375,71.875,83.60556,1023.0,1012.0
2021-07-04,15.0,9.0,8.833333,2.7958329,63.75,75.23846,1030.0,1023.0
2021-07-05,17.0,9.0,8.24,2.984,22.0,68.47143,1031.0,1026.0
2021-07-06,16.0,4.0,7.928571,3.6749997,1.7857143,77.48,1026.0,1022.0
2021-07-07,20.0,5.0,7.0384617,1.753846,0.0,67.619995,1022.0,1013.0
2021-07-08,15.0,9.0,8.892858,6.899999,58.75,84.374985,1022.0,1008.0
2021-07-09,16.0,8.0,7.7083335,4.495833,59.583332,71.94616,1026.0,1023.0
2021-07-10,17.0,10.0,6.52,4.456,40.8,62.978573,1024.0,1022.0
2021-07-11,17.0,7.0,7.769231,4.05,24.615385,71.3,1022.0,1015.0
2021-07-12,13.0,8.0,7.793103,5.055172,77.75862,84.61666,1022.0,1010.0
2021-07-13,13.0,6.0,5.52,2.576,52.2,76.669235,1032.0,1023.0
2021-07-14,15.0,7.0,6.0416665,4.5125,40.416668,69.07692,1033.0,1029.0
2021-07-15,17.0,6.0,6.0833335,3.1333332,2.0833333,61.9,1030.0,1028.0
2021-07-16,20.0,5.0,4.4074073,1.9222223,0.0,54.793747,1028.0,1024.0
2021-07-17,19.0,5.0,9.666667,2.7333333,16.481482,77.18667,1028.0,1026.0
2021-07-18,25.0,7.0,7.678571,3.2999997,0.0,55.153336,1026.0,1019.0
2021-07-19,18.0,8.0,10.30303,3.8454545,40.909092,90.09999,1022.0,1018.0
2021-07-20,13.0,7.0,7.48,3.9119997,69.0,74.950005,1028.0,1021.0
2021-07-21,13.0,7.0,6.423077,4.426923,65.38461,77.8,1033.0,1026.0
2021-07-22,13.0,5.0,5.12,3.3079998,51.4,75.957146,1038.0,1033.0
2021-07-23,15.0,1.0,2.9615386,2.0384614,0.0,64.46,1038.0,1032.0
2021-07-24,20.0,2.0,3.0,1.6115385,0.0,53.573338,1032.0,1027.0
2021-07-25,24.0,4.0,3.2962964,1.5296296,0.0,47.780003,1028.0,1021.0
2021-07-26,26.0,9.0,4.2,3.62,0.0,34.284615,1021.0,1013.0
2021-07-27,18.0,10.0,10.3,7.213333,58.833332,77.9111,1019.0,1014.0
2021-07-28,15.0,8.0,7.72,3.924,43.4,71.14616,1023.0,1019.0
2021-07-29,14.0,10.0,10.666667,5.8466663,80.666664,91.30554,1031.0,1023.0
2021-07-30,19.0,8.0,10.0,2.2708333,2.0833333,78.08462,1031.0,1029.0
2021-07-31,14.0,7.0,8.266666,1.3533332,0.0,100.0,1028.0,1026.0
2021-08-01,18.0,10.0,10.5,2.5625,45.625,76.65001,1027.0,1023.0
2021-08-02,20.0,10.0,11.478261,2.995652,2.173913,72.907684,1026.0,1018.0
2021-08-03,21.0,6.0,10.129032,2.2774193,23.225807,81.06315,1019.0,1015.0
2021-08-04,17.0,10.0,11.307693,4.042308,13.269231,82.078575,1022.0,1019.0
2021-08-05,18.0,12.0,12.033334,2.52,50.666668,84.7625,1023.0,1021.0
2021-08-06,20.0,7.0,9.75,1.4714285,7.6923075,75.86154,1022.0,1019.0
2021-08-07,18.0,8.0,10.214286,1.6999999,39.583332,91.05882,1022.0,1016.0
2021-08-08,17.0,8.0,9.970589,5.5,76.37931,81.98889,1018.0,1013.0
2021-08-09,15.0,9.0,7.4166665,4.320833,39.583332,65.08461,1032.0,1019.0
2021-08-10,17.0,4.0,6.0384617,2.1461537,0.0,69.893326,1033.0,1020.0
2021-08-11,16.0,5.0,8.3,2.25,43.5,79.4706,1019.0,1014.0
2021-08-12,14.0,9.0,6.68,6.3119993,49.4,65.52143,1033.0,1019.0
2021-08-13,18.0,10.0,4.2,5.396,1.0,49.357143,1037.0,1033.0
2021-08-14,20.0,6.0,3.9565217,2.821739,0.0,50.338463,1034.0,1024.0
2021-08-15,22.0,5.0,6.0,1.753846,0.0,56.653328,1024.0,1018.0
2021-08-16,26.0,7.0,8.5172415,4.1,18.103449,61.82222,1018.0,1010.0
2021-08-17,17.0,12.0,10.56,6.932,72.8,76.46154,1018.0,1014.0
2021-08-18,16.0,12.0,10.884615,4.4076924,75.96154,83.846664,1019.0,1015.0
2021-08-19,17.0,12.0,7.0416665,7.1,38.333332,61.55384,1022.0,1018.0
2021-08-20,17.0,7.0,7.2,3.14,10.0,67.07857,1022.0,1020.0
2021-08-21,17.0,8.0,6.730769,3.026923,27.115385,60.173332,1027.0,1021.0
2021-08-22,17.0,5.0,6.84,1.992,4.0,67.65,1027.0,1022.0
2021-08-23,20.0,6.0,9.285714,1.7535714,5.357143,77.482346,1021.0,1014.0
2021-08-24,18.0,11.0,11.083333,5.691667,58.125,76.07693,1020.0,1016.0
2021-08-25,19.0,11.0,10.708333,5.2916665,35.208332,73.5,1018.0,1009.0
2021-08-26,16.0,10.0,10.451612,7.9419355,82.741936,80.819046,1011.0,1005.0
2021-08-27,13.0,7.0,4.413793,4.8827586,69.655174,58.449997,1023.0,1010.0
2021-08-28,13.0,5.0,3.9166667,2.783333,39.166668,63.784622,1033.0,1024.0
2021-08-29,15.0,4.0,3.12,4.1159997,0.0,56.07857,1030.0,1017.0
2021-08-30,14.0,7.0,9.379311,6.262069,72.24138,85.111755,1017.0,1015.0
2021-08-31,15.0,8.0,7.0416665,3.9958334,50.208332,63.0,1025.0,1017.0
2021-09-01,17.0,9.0,5.2083335,6.0249996,1.0416666,56.115383,1024.0,1014.0
2021-09-02,20.0,4.0,6.92,4.2359996,11.0,63.971428,1013.0,1009.0
2021-09-03,16.0,12.0,10.307693,6.4538455,71.53846,80.62666,1020.0,1013.0
2021-09-04,17.0,10.0,8.961538,5.996154,54.615383,70.98571,1019.0,1016.0
2021-09-05,16.0,9.0,8.5,4.875,66.25,74.3,1024.0,1017.0
2021-09-06,15.0,6.0,6.68,3.5679998,45.4,71.207695,1030.0,1024.0
2021-09-07,19.0,6.0,6.24,3.7,0.0,58.17857,1029.0,1024.0
2021-09-08,17.0,6.0,9.071428,3.717857,7.142857,78.93127,1024.0,1021.0
2021-09-09,29.0,7.0,7.5172415,2.9448273,0.0,47.858818,1019.0,1011.0
2021-09-10,17.0,12.0,10.2,8.432,38.8,69.80769,1019.0,1014.0
2021-09-11,18.0,11.0,11.0,6.5479994,52.4,78.950005,1019.0,1015.0
2021-09-12,16.0,10.0,11.076923,4.526923,68.07692,82.88573,1022.0,1017.0
2021-09-13,17.0,8.0,7.64,5.6280003,28.8,65.314285,1021.0,1017.0
2021-09-14,17.0,8.0,7.928571,5.207143,43.035713,70.087494,1021.0,1016.0
2021-09-15,17.0,8.0,7.125,4.3416667,35.208332,59.069233,1025.0,1021.0
2021-09-16,18.0,9.0,7.8333335,7.370833,20.833334,61.846157,1029.0,1024.0
2021-09-17,21.0,12.0,7.681818,7.195454,0.0,51.56154,1028.0,1022.0
2021-09-18,25.0,11.0,6.590909,4.0363636,1.1363636,41.687504,1017.0,1010.0
2021-09-19,17.0,12.0,11.125,7.408333,54.583332,78.06923,1017.0,1012.0
2021-09-20,17.0,10.0,8.5,5.411538,53.26923,64.99333,1028.0,1017.0
2021-09-21,20.0,9.0,6.64,4.8399997,6.0,51.31428,1028.0,1024.0
2021-09-22,27.0,6.0,7.88,2.212,0.0,51.042854,1023.0,1011.0
2021-09-23,20.0,12.0,10.52,6.048,19.0,64.57143,1018.0,1009.0
2021-09-24,20.0,13.0,11.37037,4.722222,42.407406,67.87334,1021.0,1018.0
2021-09-25,22.0,9.0,10.576923,5.303846,13.461538,66.28462,1019.0,1016.0
2021-09-26,23.0,14.0,13.12,3.332,40.4,72.06154,1018.0,1013.0
2021-09-27,18.0,14.0,10.869565,5.0086956,46.304348,68.24616,1019.0,1012.0
2021-09-28,20.0,8.0,8.96,4.4839997,16.8,62.221428,1019.0,1017.0
2021-09-29,22.0,14.0,9.461538,8.803846,20.192308,55.214283,1021.0,1018.0
2021-09-30,23.0,13.0,9.72,3.8479998,2.0,52.81429,1020.0,1014.0
2021-10-01,20.0,13.0,11.416667,7.820833,32.916668,68.34286,1018.0,1014.0
2021-10-02,16.0,8.0,7.888889,5.0888886,60.185184,66.28,1023.0,1016.0
2021-10-03,17.0,8.0,6.36,3.52,50.6,61.15714,1025.0,1022.0
2021-10-04,21.0,11.0,5.72,6.8320003,7.0,43.978573,1025.0,1019.0
2021-10-05,25.0,8.0,7.6153846,3.4653842,0.0,48.60714,1020.0,1016.0
2021-10-06,28.0,13.0,9.0,4.265384,0.0,41.673336,1017.0,1012.0
2021-10-07,25.0,12.0,10.777778,5.762963,15.740741,59.08,1014.0,1008.0
2021-10-08,19.0,14.0,10.769231,6.442307,77.88461,72.560005,1016.0,1013.0
2021-10-09,21.0,13.0,12.192307,4.034615,46.346153,70.78,1024.0,1016.0
2021-10-10,26.0,8.0,8.153846,2.4307692,0.0,45.393333,1024.0,1018.0
2021-10-11,32.0,10.0,10.857142,2.8142858,0.0,51.888237,1018.0,1013.0
2021-10-12,22.0,16.0,14.291667,5.879166,8.333333,67.39231,1016.0,1013.0
2021-10-13,22.0,14.0,13.8,6.2919993,12.8,73.09231,1013.0,1005.0
2021-10-14,17.0,14.0,12.72,5.5759997,72.6,79.715385,1014.0,1007.0
2021-10-15,18.0,12.0,8.958333,4.075,63.333332,55.969223,1017.0,1013.0
2021-10-16,16.0,11.0,7.16,4.612,56.2,65.41428,1023.0,1018.0
2021-10-17,18.0,8.0,8.64,3.8639998,50.8,68.72857,1029.0,1023.0
2021-10-18,19.0,8.0,7.423077,7.06923,0.0,54.35714,1029.0,1024.0
2021-10-19,26.0,11.0,8.5,4.896428,0.0,49.21875,1024.0,1016.0
2021-10-20,27.0,11.0,12.153846,4.3384614,0.0,58.359997,1016.0,1008.0
2021-10-21,24.0,15.0,11.615385,7.415385,10.576923,62.49334,1012.0,1008.0
2021-10-22,20.0,14.0,12.068966,10.296553,68.793106,72.025,1010.0,1006.0
2021-10-23,19.0,12.0,10.185185,6.0851855,65.74074,58.028572,1025.0,1006.0
2021-10-24,20.0,10.0,8.230769,5.876923,6.730769,53.83333,1026.0,1022.0
2021-10-25,25.0,14.0,9.583333,5.933333,0.0,47.515385,1022.0,1017.0
2021-10-26,27.0,14.0,12.32,4.3,0.0,50.93571,1018.0,1014.0
2021-10-27,28.0,16.0,14.259259,5.0444436,9.259259,61.079998,1015.0,1010.0
2021-10-28,22.0,15.0,13.807693,5.707692,34.423077,72.42857,1015.0,1010.0
2021-10-29,21.0,15.0,13.555555,5.1962957,65.0,76.75625,1018.0,1011.0
2021-10-30,23.0,16.0,13.84,5.6719995,28.6,67.15714,1017.0,1013.0
2021-10-31,22.0,14.0,14.375,3.3416665,9.375,73.269226,1013.0,1010.0
2021-11-01,17.0,13.0,12.321428,4.8642855,58.92857,81.83751,1018.0,1009.0
2021-11-02,20.0,10.0,8.458333,4.4041667,30.625,52.53077,1018.0,1016.0
2021-11-03,21.0,13.0,11.291667,5.9666667,50.833332,64.876915,1019.0,1016.0
2021-11-04,22.0,15.0,12.958333,5.004166,51.458332,64.95385,1018.0,1017.0
2021-11-05,21.0,13.0,10.541667,3.5208333,36.875,54.715385,1020.0,1016.0
2021-11-06,20.0,12.0,8.956522,4.156522,22.826086,54.44286,1020.0,1017.0
2021-11-07,19.0,13.0,8.826087,7.021739,16.73913,54.261536,1018.0,1014.0
2021-11-08,20.0,13.0,9.24,5.96,26.2,51.761536,1021.0,1014.0
2021-11-09,22.0,11.0,9.291667,2.825,28.958334,52.138466,1022.0,1019.0
2021-11-10,23.0,11.0,11.64,3.712,6.0,59.878574,1021.0,1018.0
2021-11-11,23.0,17.0,14.565217,6.595651,16.086956,66.06922,1020.0,1015.0
2021-11-12,23.0,17.0,14.708333,6.6791663,20.416666,65.792305,1017.0,1014.0
2021-11-13,23.0,16.0,14.458333,4.1583333,41.25,64.46155,1019.0,1015.0
2021-11-14,27.0,17.0,13.434783,5.373913,0.0,54.74167,1019.0,1015.0
2021-11-15,24.0,17.0,15.0,5.4916663,23.541666,64.76154,1017.0,1014.0
2021-11-16,23.0,16.0,13.75,4.808333,32.916668,59.730774,1017.0,1011.0
2021-11-17,18.0,14.0,12.464286,4.9,52.32143,79.51176,1019.0,1008.0
2021-11-18,21.0,11.0,8.384615,7.184615,19.807692,49.185707,1022.0,1019.0
2021-11-19,22.0,14.0,11.043478,9.082609,16.73913,54.923077,1021.0,1018.0
2021-11-20,25.0,15.0,11.48,7.2679996,16.0,51.042866,1018.0,1011.0
2021-11-21,26.0,13.0,12.88,6.84,12.0,53.392307,1010.0,1007.0
2021-11-22,24.0,17.0,14.115385,11.092309,18.26923,61.292316,1018.0,1010.0
2021-11-23,24.0,16.0,11.48,10.455999,10.0,53.37143,1020.0,1017.0
2021-11-24,24.0,17.0,10.681818,9.595455,7.9545455,52.627274,1019.0,1014.0
2021-11-25,30.0,15.0,8.92,4.848,0.0,35.23846,1015.0,1011.0
2021-11-26,30.0,17.0,12.185185,4.462963,22.962963,53.12143,1011.0,1007.0
2021-11-27,22.0,16.0,14.642858,8.775,59.285713,71.57647,1010.0,1008.0
2021-11-28,22.0,17.0,16.333334,5.0133333,72.5,84.93751,1015.0,1009.0
2021-11-29,22.0,15.0,14.533334,4.3766665,49.333332,68.15,1016.0,1013.0
2021-11-30,23.0,16.0,13.423077,3.6999998,57.5,64.11429,1017.0,1014.0
2021-12-01,24.0,14.0,12.333333,5.745833,15.416667,59.175,1017.0,1012.0
2021-12-02,19.0,14.0,10.12,7.54,44.6,62.092854,1020.0,1016.0
2021-12-03,23.0,13.0,9.96,7.4680004,17.0,53.521427,1019.0,1013.0
2021-12-04,25.0,17.0,12.269231,8.923077,20.192308,55.828575,1013.0,1008.0
2021-12-05,21.0,16.0,15.333333,7.2,78.14815,81.1125,1016.0,1012.0
2021-12-06,21.0,15.0,12.64,6.1839995,55.8,63.638454,1020.0,1015.0
2021-12-07,23.0,15.0,13.8,7.84,25.6,64.950005,1020.0,1017.0
2021-12-08,28.0,17.0,13.6,6.6080003,5.0,49.871426,1018.0,1012.0
2021-12-09,25.0,17.0,15.541667,6.375,14.583333,63.292305,1013.0,1012.0
2021-12-10,22.0,16.0,15.16,4.568,26.0,71.02143,1012.0,1008.0
2021-12-11,22.0,15.0,14.037037,5.885185,55.37037,64.37693,1014.0,1011.0
2021-12-12,23.0,16.0,14.625,4.4624996,28.125,68.230774,1015.0,1012.0
2021-12-13,23.0,17.0,14.96,8.088,31.2,68.89286,1017.0,1011.0
2021-12-14,22.0,16.0,12.625,8.516666,29.375,60.869236,1017.0,1012.0
2021-12-15,21.0,15.0,11.25,6.1791663,66.25,59.638466,1019.0,1010.0
2021-12-16,20.0,13.0,8.192307,8.938461,32.692307,52.853333,1022.0,1019.0
2021-12-17,29.0,13.0,7.96,4.472,0.0,34.50714,1020.0,1014.0
2021-12-18,30.0,16.0,11.5,4.7999997,0.0,41.71333,1015.0,1009.0
2021-12-19,27.0,13.0,14.16,4.28,0.0,58.39231,1014.0,1011.0
2021-12-20,32.0,19.0,15.44,5.608,2.0,45.828575,1014.0,1009.0
2021-12-21,30.0,19.0,15.96,4.344,0.0,53.435707,1014.0,1007.0
2021-12-22,27.0,18.0,16.583334,5.2875,16.458334,63.97693,1012.0,1010.0
2021-12-23,27.0,17.0,14.521739,5.7956524,19.565218,56.125,1012.0,1010.0
2021-12-24,26.0,16.0,13.375,6.7791657,4.1666665,54.838463,1012.0,1010.0
2021-12-25,29.0,18.0,14.038462,5.6384616,0.0,51.81333,1011.0,1007.0
2021-12-26,27.0,16.0,15.708333,4.320833,7.7083335,63.907692,1011.0,1007.0
2021-12-27,22.0,16.0,15.857142,5.1535716,62.142857,80.40626,1012.0,1007.0
2021-12-28,23.0,16.0,13.791667,4.7333336,52.291668,62.54615,1015.0,1012.0
2021-12-29,23.0,14.0,10.958333,4.0375,31.458334,53.200005,1017.0,1014.0
2021-12-30,22.0,14.0,11.692307,5.3692303,37.884617,60.093327,1018.0,1015.0
2021-12-31,25.0,12.0,10.636364,5.1863637,1.1363636,52.20667,1015.0,1012.0
2022-01-01,23.0,15.0,11.64,3.8759997,62.6,73.4625,1019.0,1015.0
2022-01-02,23.0,14.0,11.615385,4.538461,34.807693,56.542866,1019.0,1015.0
2022-01-03,22.0,16.0,13.083333,8.308333,1.0416666,59.853844,1015.0,1012.0
2022-01-04,25.0,16.0,13.0,4.16,8.0,55.485714,1015.0,1011.0
2022-01-05,25.0,16.0,13.518518,5.0518517,23.703703,61.162506,1016.0,1014.0
2022-01-06,27.0,16.0,14.192307,5.042308,2.8846154,54.735714,1014.0,1012.0
2022-01-07,32.0,15.0,15.730769,4.1346154,0.0,48.95,1014.0,1011.0
2022-01-08,33.0,21.0,17.4,4.192,0.0,49.43572,1012.0,1007.0
2022-01-09,26.0,19.0,17.538462,5.280769,2.8846154,70.439995,1010.0,1007.0
2022-01-10,25.0,19.0,16.458334,7.2624993,58.333332,67.92308,1011.0,1007.0
2022-01-11,23.0,18.0,15.653846,6.338461,53.46154,69.807144,1016.0,1011.0
2022-01-12,28.0,18.0,14.583333,6.725,0.0,57.199997,1016.0,1011.0
2022-01-13,30.0,20.0,16.48,7.6759996,0.0,52.471428,1012.0,1010.0
2022-01-14,34.0,20.0,17.4,3.4999998,0.0,50.207146,1011.0,1008.0
2022-01-15,27.0,17.0,17.172413,6.934483,37.931034,67.5,1011.0,1007.0
2022-01-16,27.0,19.0,16.09091,5.190909,36.136364,60.91539,1015.0,1010.0
2022-01-17,26.0,16.0,16.416666,5.0916667,6.25,66.361534,1016.0,1011.0
2022-01-18,24.0,18.0,17.25926,6.5185184,51.296295,83.712494,1019.0,1010.0
2022-01-19,25.0,13.0,11.96,5.227999,8.0,51.24616,1020.0,1015.0
2022-01-20,25.0,14.0,14.925926,4.855556,0.0,67.175,1017.0,1012.0
2022-01-21,29.0,17.0,14.88,5.6439996,0.0,53.566666,1017.0,1014.0
2022-01-22,37.0,19.0,17.75,3.4857142,4.464286,48.087498,1016.0,1013.0
2022-01-23,32.0,20.0,19.23077,4.423077,18.26923,58.79999,1015.0,1013.0
2022-01-24,25.0,20.0,18.689655,7.1655173,63.62069,74.85999,1017.0,1015.0
2022-01-25,25.0,19.0,15.833333,8.520833,23.541666,61.17692,1016.0,1014.0
2022-01-26,27.0,18.0,16.148148,8.285185,15.740741,64.887505,1014.0,1011.0
2022-01-27,24.0,18.0,15.875,7.3624997,11.458333,67.83077,1014.0,1010.0
2022-01-28,24.0,18.0,14.72,8.46,26.8,66.10713,1016.0,1014.0
2022-01-29,28.0,17.0,13.652174,8.008696,3.2608695,54.67857,1015.0,1012.0
2022-01-30,29.0,17.0,14.5,7.873077,0.0,57.379997,1012.0,1007.0
2022-01-31,29.0,18.0,16.904762,6.0047617,0.0,61.423077,1009.0,1006.0
2022-02-01,31.0,19.0,16.208334,4.245833,9.375,54.34,1009.0,1006.0
2022-02-02,23.0,17.0,18.096775,6.477419,75.80645,87.81579,1010.0,1007.0
2022-02-03,24.0,17.0,14.62963,4.5740743,60.555557,70.581245,1020.0,1010.0
2022-02-04,23.0,16.0,10.5,9.037499,11.458333,48.815384,1020.0,1015.0
2022-02-05,31.0,16.0,12.88,4.7839994,0.0,47.192852,1015.0,1011.0
2022-02-06,29.0,17.0,15.12,4.612,6.0,55.17857,1015.0,1010.0
2022-02-07,26.0,15.0,16.48,4.08,39.8,66.02307,1015.0,1012.0
2022-02-08,27.0,16.0,17.148148,4.9407406,10.526316,73.25625,1013.0,1010.0
2022-02-09,25.0,15.0,15.44,3.952,23.2,62.992863,1013.0,1011.0
2022-02-10,25.0,18.0,15.392858,3.1214283,52.32143,63.399998,1015.0,1012.0
2022-02-11,25.0,15.0,15.28,5.7679996,2.0,65.200005,1015.0,1012.0
2022-02-12,28.0,18.0,16.958334,5.7291665,1.0416666,67.9923,1014.0,1010.0
2022-02-13,27.0,19.0,17.44,9.320001,20.6,71.97857,1015.0,1013.0
2022-02-14,33.0,20.0,16.4,5.9440002,6.0,52.20714,1014.0,1008.0
2022-02-15,32.0,21.0,16.703703,4.6407404,12.037037,57.00666,1016.0,1008.0
2022-02-16,24.0,18.0,14.72,8.824,41.8,65.171425,1020.0,1017.0
2022-02-17,29.0,14.0,11.846154,6.769231,0.0,47.30714,1017.0,1011.0
2022-02-18,30.0,17.0,13.153846,5.130769,0.0,48.85714,1011.0,1007.0
2022-02-19,23.0,14.0,14.571428,5.1571426,17.5,66.994125,1014.0,1008.0
2022-02-20,26.0,16.0,14.923077,3.2884614,44.615383,61.07333,1015.0,1013.0
2022-02-21,25.0,17.0,15.291667,3.1000001,47.291668,60.646145,1016.0,1014.0
2022-02-22,25.0,16.0,14.166667,5.433333,0.0,60.06428,1016.0,1014.0
2022-02-23,25.0,17.0,16.125,6.4625,3.125,68.49232,1017.0,1012.0
2022-02-24,27.0,18.0,16.333334,6.5750003,5.2083335,65.53846,1016.0,1014.0
2022-02-25,26.0,18.0,17.26923,8.207692,15.384615,67.82,1015.0,1013.0
2022-02-26,29.0,18.0,16.96,6.24,3.0,64.192856,1014.0,1010.0
2022-02-27,33.0,18.0,16.185184,2.9185183,11.111111,54.41875,1010.0,1008.0
2022-02-28,26.0,18.0,16.826086,5.686956,55.217392,70.48572,1013.0,1010.0
2022-03-01,27.0,18.0,16.40909,5.4409084,53.636364,65.48462,1012.0,1009.0
2022-03-02,24.0,18.0,17.541666,5.3666663,49.583332,74.592316,1012.0,1009.0
2022-03-03,24.0,17.0,15.8,4.5199995,47.0,67.47143,1015.0,1012.0
2022-03-04,25.0,16.0,15.36,6.652,21.6,66.69286,1017.0,1014.0
2022-03-05,29.0,18.0,14.958333,5.4666667,0.0,55.55384,1017.0,1011.0
2022-03-06,32.0,17.0,16.962963,4.303704,10.185185,64.037506,1012.0,1010.0
2022-03-07,25.0,19.0,17.896551,9.593103,52.068966,74.326675,1015.0,1011.0
2022-03-08,29.0,18.0,16.041666,7.0166664,4.1666665,58.56154,1015.0,1011.0
2022-03-09,29.0,16.0,16.518518,4.862963,6.4814816,66.39374,1014.0,1008.0
2022-03-10,26.0,18.0,15.833333,7.8375,7.2916665,64.792305,1016.0,1013.0
2022-03-11,31.0,15.0,15.5,2.8392856,12.5,56.958828,1013.0,1008.0
2022-03-12,28.0,17.0,16.73077,4.4923077,22.115385,72.587494,1009.0,1005.0
2022-03-13,19.0,15.0,13.5,4.3821425,66.25,85.20001,1017.0,1007.0
2022-03-14,20.0,12.0,8.375,5.5333333,27.708334,54.62308,1021.0,1017.0
2022-03-15,24.0,13.0,10.76,5.836,6.8,55.807137,1020.0,1017.0
2022-03-16,26.0,17.0,13.48,8.415999,8.0,56.56154,1018.0,1015.0
2022-03-17,30.0,16.0,12.153846,3.0769231,0.0,39.92667,1016.0,1014.0
2022-03-18,24.0,15.0,15.666667,5.366667,4.1666665,75.284615,1017.0,1014.0
2022-03-19,29.0,17.0,16.5,5.375,4.1666665,61.546158,1018.0,1015.0
2022-03-20,28.0,18.0,16.703703,6.2,0.0,65.46666,1018.0,1015.0
2022-03-21,27.0,17.0,16.32,5.976,2.0,69.24285,1016.0,1014.0
2022-03-22,28.0,17.0,16.192308,6.907692,2.8846154,62.966663,1016.0,1011.0
2022-03-23,28.0,18.0,16.538462,5.730769,12.307693,71.55385,1014.0,1011.0
2022-03-24,24.0,17.0,15.0,7.0499997,37.916668,64.70769,1016.0,1013.0
2022-03-25,24.0,16.0,11.269231,8.780769,22.115385,54.520004,1016.0,1013.0
2022-03-26,25.0,15.0,11.666667,4.9666667,3.125,57.984615,1014.0,1012.0
2022-03-27,29.0,13.0,11.37037,2.3555555,0.0,49.53125,1014.0,1010.0
2022-03-28,22.0,14.0,12.222222,6.7999997,24.444445,66.53126,1011.0,1010.0
2022-03-29,20.0,16.0,14.666667,7.1185184,69.81481,84.649994,1012.0,1008.0
2022-03-30,21.0,15.0,14.041667,5.8624997,54.166668,72.78462,1017.0,1012.0
2022-03-31,21.0,13.0,12.36,6.012,12.2,69.33571,1018.0,1016.0
2022-04-01,23.0,15.0,11.807693,9.9653845,5.769231,62.46,1018.0,1016.0
2022-04-02,24.0,17.0,11.333333,8.608333,16.666666,55.11539,1017.0,1013.0
2022-04-03,25.0,15.0,12.12,4.512,13.4,57.399998,1013.0,1006.0
2022-04-04,21.0,12.0,13.307693,4.884615,32.692307,74.64,1012.0,1007.0
2022-04-05,19.0,14.0,13.576923,5.7038455,67.69231,82.95334,1017.0,1011.0
2022-04-06,18.0,12.0,10.88,4.2079997,57.8,74.200005,1023.0,1017.0
2022-04-07,20.0,11.0,9.5,4.770833,35.833332,62.184612,1026.0,1024.0
2022-04-08,24.0,13.0,7.48,7.152,5.0,45.607136,1026.0,1022.0
2022-04-09,27.0,12.0,8.111111,3.6666663,0.0,45.28125,1023.0,1016.0
2022-04-10,28.0,12.0,11.24,3.4159997,0.0,52.364285,1018.0,1016.0
2022-04-11,30.0,13.0,10.925926,2.3407407,0.0,48.724995,1017.0,1016.0
2022-04-12,28.0,14.0,12.423077,2.85,6.5384617,55.521423,1017.0,1013.0
2022-04-13,23.0,15.0,16.310345,5.541379,52.931034,85.829414,1013.0,1011.0
2022-04-14,20.0,13.0,11.958333,7.291666,26.666666,63.684616,1018.0,1011.0
2022-04-15,19.0,13.0,7.875,7.929167,35.0,52.276924,1026.0,1018.0
2022-04-16,24.0,8.0,6.24,4.708,0.0,42.92857,1025.0,1021.0
2022-04-17,24.0,7.0,9.576923,3.8269231,0.0,59.106663,1022.0,1019.0
2022-04-18,22.0,13.0,12.307693,5.3961535,0.0,68.07857,1021.0,1019.0
2022-04-19,28.0,11.0,11.821428,2.3142858,0.0,59.09412,1021.0,1016.0
2022-04-20,32.0,14.0,8.892858,3.5321426,12.962963,27.453331,1016.0,1012.0
2022-04-21,22.0,15.0,14.586206,3.537931,48.275864,77.24,1016.0,1013.0
2022-04-22,21.0,15.0,11.72,7.24,52.2,64.321434,1020.0,1016.0
2022-04-23,18.0,13.0,8.541667,8.508333,15.208333,59.230774,1018.0,1016.0
2022-04-24,19.0,9.0,9.24,3.6559997,25.2,67.29286,1023.0,1018.0
2022-04-25,20.0,11.0,9.576923,4.8846154,23.653847,63.03333,1025.0,1022.0
2022-04-26,21.0,14.0,9.833333,7.1666665,8.333333,58.669235,1024.0,1022.0
2022-04-27,24.0,10.0,9.481482,3.1999998,0.0,56.23125,1023.0,1017.0
2022-04-28,20.0,13.0,12.884615,5.380769,20.961538,76.638466,1017.0,1010.0
2022-04-29,19.0,13.0,13.037037,4.351852,71.48148,82.600006,1021.0,1011.0
2022-04-30,21.0,11.0,11.571428,2.7464283,25.535715,75.188225,1026.0,1021.0
2022-05-01,21.0,12.0,11.666667,4.7875,0.0,67.43333,1026.0,1023.0
2022-05-02,28.0,10.0,9.5,1.8249999,0.0,52.741177,1022.0,1017.0
2022-05-03,23.0,15.0,15.428572,5.0142856,43.333332,77.33572,1021.0,1017.0
2022-05-04,24.0,12.0,14.107142,2.8999999,17.592592,78.91334,1021.0,1019.0
2022-05-05,23.0,11.0,12.3,2.2666667,37.77778,77.299995,1018.0,1015.0
2022-05-06,15.0,9.0,12.090909,3.4757576,62.727272,93.68999,1020.0,1016.0
2022-05-07,19.0,12.0,10.130435,7.478261,35.434784,64.146164,1023.0,1019.0
2022-05-08,20.0,11.0,10.291667,3.3791666,0.0,67.43845,1024.0,1020.0
2022-05-09,19.0,8.0,9.807693,2.7653847,0.0,73.96001,1021.0,1018.0
2022-05-10,18.0,7.0,9.769231,4.853846,16.923077,76.51333,1018.0,1013.0
2022-05-11,19.0,11.0,12.291667,3.7124996,48.958332,74.700005,1020.0,1016.0
2022-05-12,19.0,9.0,9.52,4.632,58.2,66.80714,1020.0,1017.0
2022-05-13,18.0,12.0,12.0,4.2115383,64.61539,82.957146,1022.0,1019.0
2022-05-14,20.0,11.0,10.6,3.252,31.2,71.942856,1025.0,1022.0
2022-05-15,23.0,8.0,10.269231,2.530769,0.0,65.55001,1025.0,1021.0
2022-05-16,33.0,9.0,5.392857,2.8035715,0.0,33.51875,1021.0,1014.0
2022-05-17,29.0,14.0,7.0,2.728,0.0,42.12857,1016.0,1010.0
2022-05-18,25.0,14.0,11.724138,5.8689656,41.896553,74.700005,1013.0,1007.0
2022-05-19,17.0,11.0,9.64,3.208,48.6,71.35,1020.0,1013.0
2022-05-20,17.0,8.0,8.28,2.88,33.0,70.35,1025.0,1019.0
2022-05-21,18.0,9.0,9.923077,1.976923,29.423077,75.18001,1027.0,1024.0
2022-05-22,19.0,8.0,10.307693,2.5538461,11.923077,75.46667,1025.0,1021.0
2022-05-23,19.0,10.0,12.166667,4.0541663,12.5,77.34615,1021.0,1016.0
2022-05-24,17.0,15.0,14.193548,4.870968,81.451614,91.29501,1018.0,1015.0
2022-05-25,19.0,14.0,14.481482,3.5851853,79.62963,88.12667,1021.0,1017.0
2022-05-26,19.0,14.0,14.296296,2.4962962,62.77778,84.87858,1024.0,1021.0
2022-05-27,22.0,8.0,11.642858,1.5107143,2.6785715,79.45334,1022.0,1015.0
2022-05-28,18.0,11.0,12.6,6.288,60.6,86.53077,1015.0,1012.0
2022-05-29,17.0,9.0,9.166667,5.4166665,52.291668,62.353844,1028.0,1013.0
2022-05-30,17.0,6.0,6.1153846,4.4230766,25.76923,58.259995,1028.0,1025.0
2022-05-31,17.0,9.0,9.166667,4.445833,22.291666,71.34615,1031.0,1028.0
2022-06-01,19.0,8.0,9.68,2.6399996,16.6,72.22143,1030.0,1026.0
2022-06-02,20.0,8.0,9.0,2.0653846,30.192308,67.99333,1027.0,1023.0
2022-06-03,22.0,6.0,7.8461537,1.953846,0.0,67.566666,1023.0,1019.0
2022-06-04,20.0,6.0,9.965517,2.9689655,6.034483,76.833336,1026.0,1021.0
2022-06-05,23.0,8.0,9.925926,3.0666668,0.0,65.48751,1026.0,1023.0
2022-06-06,29.0,10.0,5.0,1.9153845,0.0,36.7125,1024.0,1022.0
2022-06-07,31.0,12.0,5.52,3.5959997,0.0,29.507141,1022.0,1019.0
2022-06-08,26.0,11.0,7.071429,3.6749997,3.5714285,41.85882,1022.0,1017.0
2022-06-09,20.0,10.0,11.233334,2.3933332,7.3333335,73.30667,1028.0,1022.0
2022-06-10,29.0,7.0,6.137931,2.310345,0.86206895,46.312496,1024.0,1015.0
2022-06-11,28.0,12.0,3.3461537,3.8615384,0.0,34.38,1014.0,1010.0
2022-06-12,22.0,13.0,7.4166665,6.683333,25.0,44.52143,1011.0,1008.0
2022-06-13,16.0,12.0,12.882353,6.5088234,88.23529,94.26521,1010.0,1005.0
2022-06-14,14.0,10.0,10.0,4.051724,70.68965,88.124985,1019.0,1005.0
2022-06-15,15.0,8.0,7.25,2.4666665,35.0,73.98461,1025.0,1019.0
2022-06-16,18.0,4.0,4.64,2.072,0.0,60.184624,1023.0,1011.0
2022-06-17,20.0,13.0,6.2083335,7.2958336,19.791666,54.17692,1011.0,1008.0
2022-06-18,17.0,11.0,10.692307,6.75,62.692307,70.738464,1018.0,1007.0
2022-06-19,16.0,9.0,8.4,4.164,27.0,74.042854,1025.0,1019.0
2022-06-20,20.0,9.0,6.92,4.22,4.0,54.55,1025.0,1020.0
2022-06-21,19.0,8.0,10.37037,3.6814814,10.0,71.293335,1023.0,1018.0
2022-06-22,21.0,11.0,12.5,1.5366666,9.166667,78.61875,1023.0,1017.0
2022-06-23,16.0,12.0,12.0,5.1322584,61.451614,88.227776,1028.0,1018.0
2022-06-24,17.0,11.0,8.043478,5.543478,19.130434,62.923073,1031.0,1028.0
2022-06-25,17.0,6.0,9.583333,3.6208332,3.125,79.506676,1033.0,1030.0
2022-06-26,18.0,5.0,9.892858,3.3035715,0.0,78.25,1033.0,1030.0
2022-06-27,24.0,5.0,6.75,1.6035715,0.0,59.275005,1032.0,1029.0
2022-06-28,27.0,11.0,6.0,3.4884615,0.0,36.020004,1030.0,1026.0
2022-06-29,26.0,12.0,6.148148,3.5259259,0.0,41.359997,1028.0,1025.0
2022-06-30,25.0,9.0,5.230769,4.496154,0.0,42.08,1025.0,1018.0
2022-07-01,24.0,15.0,6.8846154,5.7,1.9230769,44.5,1017.0,1010.0
2022-07-02,17.0,13.0,12.0,9.151724,61.896553,83.883316,1017.0,1012.0
2022-07-03,15.0,11.0,10.25,4.5208335,57.083332,82.30769,1023.0,1017.0
2022-07-04,18.0,10.0,9.32,3.6599996,14.0,73.32143,1023.0,1021.0
2022-07-05,17.0,6.0,8.115385,2.35,4.8076925,72.63572,1025.0,1019.0
2022-07-06,16.0,8.0,8.730769,4.707692,18.653847,83.13999,1025.0,1020.0
2022-07-07,16.0,8.0,9.708333,4.225,56.666668,77.89231,1024.0,1020.0
2022-07-08,20.0,8.0,10.153846,1.6115385,10.961538,71.50715,1024.0,1015.0
2022-07-09,17.0,8.0,9.0,5.171428,33.035713,70.05293,1015.0,1009.0
2022-07-10,15.0,10.0,11.178572,3.9464283,56.964287,89.743744,1021.0,1015.0
2022-07-11,16.0,8.0,8.666667,5.162963,66.296295,70.27333,1025.0,1021.0
2022-07-12,16.0,10.0,10.230769,3.4423077,51.53846,80.12858,1027.0,1024.0
2022-07-13,16.0,8.0,10.0,6.5846148,69.8,78.40714,1024.0,1022.0
2022-07-14,17.0,10.0,12.192307,3.4961536,57.307693,85.38667,1027.0,1023.0
2022-07-15,19.0,7.0,10.25,2.075,0.0,80.33334,1027.0,1021.0
2022-07-16,27.0,8.0,8.481482,2.6407406,0.0,53.453327,1021.0,1017.0
2022-07-17,18.0,12.0,9.56,4.364,18.4,71.87856,1019.0,1016.0
2022-07-18,16.0,12.0,11.208333,4.1874995,67.291664,81.14616,1020.0,1018.0
2022-07-19,16.0,9.0,8.375,4.566666,34.583332,68.169235,1026.0,1018.0
2022-07-20,16.0,6.0,6.2083335,3.125,18.75,66.8923,1027.0,1025.0
2022-07-21,18.0,4.0,6.2173915,2.1652174,0.0,71.75833,1027.0,1022.0
2022-07-22,16.0,6.0,9.0,3.184,29.2,81.25714,1022.0,1019.0
2022-07-23,16.0,10.0,9.192307,3.9769228,50.384617,75.807144,1028.0,1020.0
2022-07-24,18.0,7.0,5.9583335,4.6666665,3.125,57.069233,1029.0,1025.0
2022-07-25,21.0,4.0,5.607143,1.3964285,0.0,60.049995,1025.0,1017.0
2022-07-26,23.0,6.0,7.269231,2.0115385,8.653846,58.906666,1021.0,1014.0
2022-07-27,20.0,7.0,8.740741,4.011111,14.62963,64.35384,1022.0,1016.0
2022-07-28,24.0,7.0,8.6,3.924,10.0,61.18571,1016.0,1009.0
2022-07-29,14.0,13.0,11.0,8.475,67.5,,1013.0,1013.0
2022-08-01,17.0,3.0,5.814815,3.2407405,0.0,66.34375,1029.0,1022.0
2022-08-02,16.0,3.0,8.321428,3.3392856,0.0,79.86249,1022.0,1017.0
2022-08-03,16.0,10.0,10.107142,2.9357142,59.642857,80.1875,1020.0,1018.0
2022-08-04,17.0,11.0,8.68,5.42,64.2,68.764275,1022.0,1020.0
2022-08-05,17.0,9.0,9.923077,4.015384,58.26923,78.51429,1023.0,1021.0
2022-08-06,19.0,10.0,10.076923,6.311538,26.346153,67.32,1022.0,1014.0
2022-08-07,18.0,7.0,9.296296,4.0333333,15.185185,70.293335,1020.0,1010.0
2022-08-08,18.0,10.0,10.083333,2.9375,20.625,68.5923,1023.0,1019.0
2022-08-09,20.0,7.0,9.740741,3.3370366,11.111111,80.47857,1019.0,1014.0
2022-08-10,14.0,12.0,12.117647,6.138235,83.82353,94.87141,1021.0,1018.0
2022-08-11,16.0,11.0,11.541667,4.9249997,53.333332,81.333336,1020.0,1014.0
2022-08-12,16.0,9.0,9.115385,3.1538463,71.15385,77.86428,1019.0,1014.0
2022-08-13,16.0,5.0,6.724138,5.02069,43.275864,74.20555,1018.0,1011.0
2022-08-14,14.0,6.0,6.769231,3.9384613,56.923077,70.55334,1025.0,1015.0
2022-08-15,18.0,3.0,4.269231,1.8615384,1.9230769,61.16001,1025.0,1015.0
2022-08-16,16.0,6.0,8.041667,5.5958333,25.416666,74.307686,1015.0,1012.0
2022-08-17,16.0,12.0,12.0,8.316667,73.833336,90.08889,1015.0,1009.0
2022-08-18,15.0,11.0,11.0,6.4666667,72.5,88.74704,1026.0,1016.0
2022-08-19,14.0,11.0,8.958333,4.920833,75.0,74.23846,1027.0,1025.0
2022-08-20,15.0,10.0,6.9130435,3.547826,61.086956,62.575,1031.0,1026.0
2022-08-21,16.0,9.0,8.36,2.708,25.0,70.26428,1031.0,1025.0
2022-08-22,18.0,8.0,8.76,3.8119998,5.8,69.57143,1026.0,1020.0
2022-08-23,27.0,7.0,7.9166665,2.0916665,0.0,56.328564,1019.0,1012.0
2022-08-24,17.0,11.0,8.68,7.896,49.8,74.23572,1013.0,1011.0
2022-08-25,16.0,11.0,9.48,7.076,64.8,69.57692,1021.0,1010.0
2022-08-26,16.0,8.0,7.25,5.1583333,62.5,66.11539,1021.0,1017.0
2022-08-27,17.0,9.0,8.84,3.26,56.8,71.87857,1021.0,1018.0
2022-08-28,16.0,6.0,6.72,2.468,44.8,66.65,1024.0,1017.0
2022-08-29,16.0,7.0,6.142857,6.785714,38.214287,68.8,1032.0,1024.0
2022-08-30,20.0,11.0,2.88,7.5559998,3.0,39.128574,1032.0,1025.0
2022-08-31,25.0,6.0,2.7307692,1.9346154,0.96153843,35.85,1024.0,1013.0
2022-09-01,22.0,14.0,9.56,6.864,46.6,77.200005,1015.0,1011.0
2022-09-02,18.0,13.0,9.08,7.344,60.6,63.757145,1019.0,1014.0
2022-09-03,18.0,11.0,10.259259,6.6111107,46.11111,76.875,1020.0,1016.0
2022-09-04,16.0,9.0,9.666667,9.166666,73.666664,82.08888,1015.0,1009.0
2022-09-05,15.0,10.0,7.28,7.0559998,67.8,67.77857,1030.0,1016.0
2022-09-06,16.0,11.0,7.84,4.2159996,39.8,62.457134,1030.0,1024.0
2022-09-07,18.0,6.0,9.8,4.1159997,0.0,76.299995,1023.0,1017.0
2022-09-08,17.0,12.0,11.25,7.7416663,5.2083335,74.82308,1020.0,1016.0
2022-09-09,18.0,12.0,11.625,4.9916663,0.0,74.4923,1020.0,1018.0
2022-09-10,16.0,10.0,11.64,2.932,23.8,84.07857,1021.0,1016.0
2022-09-11,17.0,12.0,9.545455,4.618181,56.81818,72.185715,1028.0,1020.0
2022-09-12,17.0,6.0,6.92,4.1239996,14.6,61.084618,1030.0,1028.0
2022-09-13,21.0,12.0,11.458333,5.3874993,1.0416666,67.95385,1029.0,1020.0
2022-09-14,28.0,9.0,10.75,2.9964283,9.642858,59.47058,1019.0,1014.0
2022-09-15,23.0,12.0,13.259259,3.751852,2.7777777,76.17334,1018.0,1015.0
2022-09-16,21.0,12.0,12.433333,2.2866666,43.8,77.51177,1018.0,1014.0
2022-09-17,16.0,12.0,9.25,3.0999997,66.041664,66.69231,1018.0,1016.0
2022-09-18,17.0,10.0,6.72,5.1639996,30.4,61.04286,1020.0,1015.0
2022-09-19,18.0,9.0,8.041667,3.6999998,44.166668,56.176926,1027.0,1020.0
2022-09-20,20.0,9.0,10.44,3.044,18.6,66.78571,1028.0,1023.0
2022-09-21,23.0,8.0,8.928572,3.642857,0.0,57.735302,1022.0,1013.0
2022-09-22,17.0,9.0,10.5,5.370833,51.875,77.8923,1018.0,1012.0
2022-09-23,17.0,10.0,6.375,3.175,36.458332,53.523075,1022.0,1018.0
2022-09-24,19.0,7.0,7.769231,3.0923078,0.0,62.846664,1018.0,1012.0
2022-09-25,20.0,10.0,11.208333,2.9583333,17.708334,70.100006,1013.0,1009.0
2022-09-26,18.0,12.0,10.958333,3.9208333,52.083332,73.36154,1020.0,1012.0
2022-09-27,20.0,9.0,9.04,3.4720001,7.0,61.071434,1022.0,1019.0
2022-09-28,21.0,8.0,10.555555,2.788889,0.0,69.240005,1022.0,1019.0
2022-09-29,23.0,14.0,12.583333,4.083333,4.1666665,68.56155,1018.0,1013.0
2022-09-30,20.0,12.0,11.862069,3.4965518,52.24138,76.65001,1021.0,1014.0
2022-10-01,20.0,11.0,10.4,4.8199997,7.8,60.80714,1022.0,1018.0
2022-10-02,23.0,9.0,10.708333,4.570833,3.125,62.23077,1018.0,1014.0
2022-10-03,20.0,12.0,10.541667,4.0333333,46.25,63.138462,1020.0,1017.0
2022-10-04,19.0,10.0,8.333333,3.1499999,36.041668,57.592304,1020.0,1017.0
2022-10-05,20.0,8.0,7.730769,2.5423076,15.0,56.659996,1019.0,1016.0
2022-10-06,19.0,10.0,11.208333,4.820833,56.666668,71.01539,1024.0,1017.0
2022-10-07,21.0,9.0,9.84,4.376,18.4,60.42857,1025.0,1019.0
2022-10-08,21.0,10.0,12.64,6.968,8.0,71.51429,1018.0,1015.0
2022-10-09,23.0,15.0,13.041667,8.7625,4.1666665,61.807697,1021.0,1016.0
2022-10-10,24.0,15.0,13.538462,3.1615384,0.0,65.52,1018.0,1008.0
2022-10-11,23.0,15.0,14.37037,5.7074075,37.77778,73.557144,1018.0,1011.0
2022-10-12,22.0,16.0,14.964286,6.914286,52.32143,76.31333,1018.0,1013.0
2022-10-13,20.0,15.0,14.346154,5.7230763,74.03846,80.25,1017.0,1010.0
2022-10-14,20.0,12.0,12.769231,8.688461,20.192308,71.68,1019.0,1017.0
2022-10-15,20.0,15.0,13.333333,4.9625,27.916666,75.00768,1017.0,1012.0
2022-10-16,29.0,14.0,13.111111,2.674074,7.7777777,53.01333,1014.0,1009.0
2022-10-17,24.0,16.0,14.384615,4.8615384,44.03846,67.176926,1020.0,1014.0
2022-10-18,23.0,15.0,14.769231,5.261538,5.769231,74.00666,1020.0,1016.0
2022-10-19,25.0,12.0,14.52,3.988,11.8,71.62307,1017.0,1012.0
2022-10-20,21.0,13.0,11.28,5.2759995,23.8,60.76429,1021.0,1017.0
2022-10-21,21.0,14.0,10.84,9.52,8.0,60.36429,1021.0,1016.0
2022-10-22,26.0,13.0,11.36,6.924,0.0,51.48,1020.0,1015.0
2022-10-23,26.0,18.0,14.708333,7.8958335,6.25,61.16923,1015.0,1014.0
2022-10-24,23.0,16.0,14.08,7.016,7.8,66.82857,1015.0,1013.0
2022-10-25,21.0,15.0,11.375,6.4916663,53.75,56.96923,1018.0,1013.0
2022-10-26,25.0,15.0,12.5,4.85,0.0,55.053852,1017.0,1012.0
2022-10-27,22.0,15.0,13.291667,8.716666,11.458333,66.67692,1020.0,1012.0
2022-10-28,28.0,16.0,12.333333,5.75,1.0416666,49.407692,1018.0,1013.0
2022-10-29,23.0,14.0,13.807693,4.7999997,3.8461537,68.206665,1012.0,1009.0
2022-10-30,20.0,14.0,12.148149,6.325926,41.11111,68.0125,1021.0,1013.0
2022-10-31,23.0,14.0,7.04,8.472,0.0,42.17692,1021.0,1018.0
2022-11-01,30.0,13.0,8.32,4.508,0.0,37.69375,1018.0,1012.0
2022-11-02,22.0,16.0,13.75,5.089286,11.428572,75.32353,1013.0,1009.0
2022-11-03,28.0,14.0,15.28,5.5959997,32.8,62.76428,1014.0,1009.0
2022-11-04,24.0,18.0,16.0,5.7708335,18.75,65.61538,1013.0,1009.0
2022-11-05,24.0,16.0,15.583333,6.3333335,14.583333,71.700005,1016.0,1012.0
2022-11-06,28.0,14.0,14.269231,4.353846,0.0,59.1,1015.0,1012.0
2022-11-07,23.0,16.0,13.48,5.0199995,33.2,59.84286,1017.0,1013.0
2022-11-08,22.0,13.0,11.434783,3.1869564,39.565216,58.48462,1016.0,1013.0
2022-11-09,20.0,14.0,10.625,4.3124995,42.708332,64.25384,1019.0,1015.0
2022-11-10,26.0,12.0,10.083333,3.9958332,4.1666665,46.199997,1018.0,1010.0
2022-11-11,24.0,14.0,11.730769,3.1615384,0.0,56.4,1012.0,1010.0
2022-11-12,22.0,15.0,13.478261,6.83913,54.130436,64.23846,1016.0,1011.0
2022-11-13,23.0,14.0,12.178572,3.2250001,23.214285,57.923534,1023.0,1017.0
2022-11-14,28.0,12.0,10.576923,3.2230768,0.0,44.62143,1022.0,1012.0
2022-11-15,22.0,12.0,12.8,5.084,43.8,64.93847,1016.0,1011.0
2022-11-16,21.0,14.0,11.24,5.112,30.4,57.215385,1017.0,1015.0
2022-11-17,21.0,15.0,10.291667,8.104167,16.25,55.93846,1017.0,1015.0
2022-11-18,21.0,14.0,9.625,3.720833,35.625,52.5923,1018.0,1015.0
2022-11-19,21.0,14.0,10.416667,4.295833,45.833332,55.861538,1023.0,1018.0
2022-11-20,22.0,13.0,10.916667,5.433333,0.0,53.87692,1023.0,1015.0
2022-11-21,22.0,16.0,12.208333,5.995833,6.25,57.692303,1016.0,1012.0
2022-11-22,24.0,17.0,13.458333,5.4541664,18.125,59.82308,1016.0,1012.0
2022-11-23,22.0,13.0,12.785714,7.932143,53.75,62.64706,1021.0,1009.0
2022-11-24,21.0,14.0,10.583333,5.9166665,54.166668,57.65385,1022.0,1014.0
2022-11-25,21.0,13.0,6.96,8.684,10.0,45.92143,1022.0,1020.0
2022-11-26,22.0,15.0,10.0,10.5875,18.75,54.146152,1022.0,1018.0
2022-11-27,26.0,16.0,11.76,9.1640005,0.0,48.892853,1018.0,1011.0
2022-11-28,31.0,16.0,13.04,3.428,0.0,44.200005,1011.0,1006.0
2022-11-29,23.0,17.0,14.2,5.7279997,3.0,60.61429,1011.0,1005.0
2022-11-30,25.0,17.0,14.375,4.258333,45.625,59.838463,1014.0,1011.0
2022-12-01,26.0,18.0,15.458333,3.9624996,44.375,60.699997,1014.0,1010.0
2022-12-02,20.0,17.0,10.88,5.7239995,64.2,51.384617,1016.0,1011.0
2022-12-03,21.0,14.0,9.291667,7.9499993,29.166666,51.56429,1016.0,1014.0
2022-12-04,22.0,15.0,10.208333,8.224999,21.875,52.484615,1017.0,1013.0
2022-12-05,23.0,13.0,9.875,6.2875,14.583333,48.569233,1018.0,1016.0
2022-12-06,23.0,15.0,10.541667,4.729166,7.2916665,49.315388,1017.0,1012.0
2022-12-07,25.0,13.0,12.259259,3.7888887,12.962963,55.38,1016.0,1012.0
2022-12-08,30.0,16.0,14.142858,3.9964283,0.89285713,43.949997,1015.0,1009.0
2022-12-09,25.0,19.0,16.92,6.892,26.8,67.184616,1016.0,1011.0
2022-12-10,29.0,18.0,17.615385,5.8499994,30.76923,63.880005,1016.0,1011.0
2022-12-11,31.0,20.0,18.0,5.807407,14.444445,56.524994,1014.0,1009.0
2022-12-12,28.0,19.0,19.464285,4.610714,51.07143,85.088234,1013.0,1009.0
2022-12-13,25.0,19.0,17.666666,6.0708327,56.041668,72.69231,1013.0,1010.0
2022-12-14,26.0,18.0,17.64,4.1,56.6,69.56922,1013.0,1011.0
2022-12-15,30.0,20.0,18.074074,7.7111115,4.6296296,55.379993,1011.0,1005.0
2022-12-16,24.0,19.0,18.703703,4.677778,51.851852,88.46876,1009.0,1005.0
2022-12-17,25.0,19.0,17.461538,8.107692,21.153847,65.0375,1011.0,1009.0
2022-12-18,26.0,18.0,15.916667,6.8041663,15.625,63.961544,1011.0,1009.0
2022-12-19,23.0,18.0,13.041667,8.220834,31.875,57.230774,1015.0,1009.0
2022-12-20,22.0,17.0,13.090909,9.331819,27.272728,60.66154,1017.0,1014.0
2022-12-21,30.0,17.0,12.846154,5.623077,4.8076925,47.2,1016.0,1009.0
2022-12-22,26.0,18.0,15.958333,5.0499997,0.0,65.67692,1013.0,1007.0
2022-12-23,22.0,18.0,16.166666,4.1166663,28.541666,75.85384,1014.0,1011.0
2022-12-24,24.0,16.0,13.8,4.7359996,46.6,64.51539,1017.0,1012.0
2022-12-25,21.0,15.0,9.913043,7.195652,26.956522,50.86667,1019.0,1016.0
2022-12-26,27.0,11.0,10.807693,3.526923,0.0,47.793335,1017.0,1014.0
2022-12-27,25.0,14.0,13.75,3.2041664,10.416667,57.569233,1017.0,1014.0
2022-12-28,25.0,16.0,13.88,4.04,32.4,53.37692,1019.0,1015.0
2022-12-29,21.0,15.0,9.884615,9.676924,30.576923,49.306664,1023.0,1019.0
2022-12-30,28.0,11.0,9.884615,5.561538,0.0,41.8,1022.0,1019.0
2022-12-31,29.0,17.0,13.142858,7.414285,0.0,47.776466,1020.0,1015.0
